[
	{
		"itemId" : "1",
		"itemName" : "PItem 1",
		"itemImage" : "images/item_1.jpg",
		"itemLat" : 42.35,
		"itemLong" : -71.015,
		"itemFlag" : 0
	},
	
	{
		"itemId" : "2",
		"itemName" : "PItem 2",
		"itemImage" : "images/item_2.jpg",
		"itemLat" : 42.356,
		"itemLong" : -71.04,
		"itemFlag" : 0
	},
		
	{
		"itemId" : "3",
		"itemName" : "PItem 3",
		"itemImage" : "images/item_3.jpg",
		"itemLat" : 42.353,
		"itemLong" : -71.05,
		"itemFlag" : 0
	},
	
	{
		"itemId" : "4",
		"itemName" : "PItem 4",
		"itemImage" : "images/item_4.jpg",
		"itemLat" : 42.36,
		"itemLong" : -71.05,
		"itemFlag" : 0
	}
	
]