[
	{
		"itemId" : "1",
		"itemName" : "Item 1",
		"itemImage" : "images/item_1.jpg",
		"itemLat" : 42.30,
		"itemLong" : -71.00,
		"itemFlag" : 0,
		"parentId" : "2"
	},
	
	{
		"itemId" : "2",
		"itemName" : "Item 2",
		"itemImage" : "images/item_2.jpg",
		"itemLat" : 42.345,
		"itemLong" : -71.03,
		"itemFlag" : 0,
		"parentId" : "1"
	},
		
	{
		"itemId" : "3",
		"itemName" : "Item 3",
		"itemImage" : "images/item_3.jpg",
		"itemLat" : 42.353,
		"itemLong" : -71.02,
		"itemFlag" : 0,
		"parentId" : "3"
	},
	
	{
		"itemId" : "4",
		"itemName" : "Item 4",
		"itemImage" : "images/item_4.jpg",
		"itemLat" : 42.351,
		"itemLong" : -71.05,
		"itemFlag" : 0,
		"parentId" : "4"
	},
	
	{
		"itemId" : "5",
		"itemName" : "Item 5",
		"itemImage" : "images/item_1.jpg",
		"itemLat" : 42.35,
		"itemLong" : -71.01,
		"itemFlag" : 0,
		"parentId" : "2"
	},
	
	{
		"itemId" : "6",
		"itemName" : "Item 6",
		"itemImage" : "images/item_2.jpg",
		"itemLat" : 42.356,
		"itemLong" : -71.032,
		"itemFlag" : 0,
		"parentId" : "3"
	},
		
	{
		"itemId" : "7",
		"itemName" : "Item 7",
		"itemImage" : "images/item_3.jpg",
		"itemLat" : 42.353,
		"itemLong" : -71.03,
		"itemFlag" : 0,
		"parentId" : "4"
	},
	
	{
		"itemId" : "8",
		"itemName" : "Item 8",
		"itemImage" : "images/item_4.jpg",
		"itemLat" : 42.355,
		"itemLong" : -71.034,
		"itemFlag" : 1,
		"parentId" : "1"
	}
	
	
]